price,volume,bid,ask,spread
100.0,4586,99.98,100.02,0.0301
100.0,4366,99.99,100.01,0.0139
100.0,6227,99.98,100.02,0.0315
100.0,6473,99.98,100.02,0.0351
100.0,4111,99.94,100.06,0.1211
100.0,7280,99.97,100.03,0.0533
100.0,4184,99.98,100.02,0.0499
100.0,5900,99.98,100.02,0.0476
100.0,6489,99.96,100.04,0.0768
100.0,7059,99.98,100.02,0.0307
100.0,6512,99.99,100.01,0.0216
100.0,6822,99.94,100.06,0.1112
100.0,5202,99.99,100.01,0.0276
100.0,6874,99.97,100.03,0.0542
100.0,4296,99.97,100.03,0.05
100.0,7163,99.95,100.05,0.0961
100.0,5946,99.98,100.02,0.0357
100.0,6899,99.98,100.02,0.0383
100.0,5618,99.96,100.04,0.0795
100.0,6297,99.99,100.01,0.0255
100.0,5888,99.98,100.02,0.0364
100.0,6617,99.99,100.01,0.0279
100.0,4326,99.98,100.02,0.0392
100.0,4255,99.97,100.03,0.0649
100.0,4920,99.96,100.04,0.0789
100.0,4614,99.97,100.03,0.069
99.99,7145,99.97,100.01,0.0372
100.0,4835,99.97,100.03,0.0539
99.99,7530,99.96,100.02,0.0606
99.99,5265,99.95,100.03,0.0897
99.99,4719,99.94,100.04,0.103
100.0,6892,99.99,100.01,0.0171
100.0,6432,99.97,100.03,0.0512
99.99,5866,99.98,100.0,0.0178
100.0,6079,99.99,100.01,0.0263
99.99,6674,99.98,100.0,0.0181
99.99,4922,99.97,100.01,0.0409
99.99,7688,99.97,100.01,0.0491
99.99,7622,99.97,100.01,0.0394
99.99,6464,99.96,100.02,0.0525
99.99,4846,99.97,100.01,0.0336
99.99,6591,99.97,100.01,0.0481
99.99,4400,99.97,100.01,0.0302
99.99,4256,99.97,100.01,0.0374
99.99,5088,99.93,100.05,0.1125
99.99,5842,99.98,100.0,0.0156
99.99,7331,99.98,100.0,0.0244
99.99,6828,99.97,100.01,0.04
99.99,6897,99.94,100.04,0.0996
99.99,5747,99.96,100.02,0.0656
99.99,5466,99.96,100.02,0.0509
99.99,5568,99.96,100.02,0.0589
99.99,7852,99.97,100.01,0.0343
99.99,4368,99.98,100.0,0.0198
99.99,7436,99.96,100.02,0.0676
99.99,6382,99.93,100.05,0.1172
99.99,5874,99.96,100.02,0.0521
99.99,6954,99.94,100.04,0.0913
99.99,6078,99.96,100.02,0.0646
99.99,7537,99.98,100.0,0.0275
99.99,7655,99.94,100.04,0.0964
99.99,5874,99.98,100.0,0.0239
99.99,5341,99.97,100.01,0.0367
99.99,6543,99.98,100.0,0.0244
99.99,7768,99.98,100.0,0.0228
99.99,5127,99.96,100.02,0.0509
99.99,6705,99.97,100.01,0.0348
99.99,6753,99.96,100.02,0.0574
99.99,7157,99.97,100.01,0.0484
99.99,4873,99.98,100.0,0.0278
99.99,7125,99.98,100.0,0.0276
99.99,7885,99.95,100.03,0.0722
99.99,5095,99.97,100.01,0.0368
99.99,5331,99.96,100.02,0.0637
99.99,8186,99.96,100.02,0.0612
99.99,5139,99.96,100.02,0.0693
99.99,7773,99.97,100.01,0.0475
99.99,6381,99.97,100.01,0.0419
99.99,5439,99.95,100.03,0.0742
99.99,7899,99.96,100.02,0.0623
99.99,6247,99.97,100.01,0.03
99.99,6538,99.94,100.04,0.1066
99.99,5941,99.97,100.01,0.0305
99.99,6884,99.96,100.02,0.053
99.99,5195,99.95,100.03,0.072
99.99,6117,99.96,100.02,0.0577
99.99,8448,99.96,100.02,0.062
99.99,5619,99.97,100.01,0.0472
99.99,7238,99.97,100.01,0.0304
99.99,5922,99.97,100.01,0.0438
99.99,7753,99.97,100.01,0.0365
99.99,5168,99.95,100.03,0.0863
99.99,8598,99.96,100.02,0.0672
99.99,6517,99.96,100.02,0.0605
99.99,5645,99.96,100.02,0.0504
99.99,4994,99.98,100.0,0.0207
99.99,5406,99.98,100.0,0.0283
99.99,6868,99.98,100.0,0.0178
99.99,6132,99.96,100.02,0.0608
99.99,8196,99.96,100.02,0.058
99.99,6562,99.97,100.01,0.0337
99.99,5820,99.98,100.0,0.0255
99.99,7384,99.96,100.02,0.0581
99.99,7785,99.95,100.03,0.0826
99.99,5530,99.97,100.01,0.0328
99.99,5551,99.98,100.0,0.0269
99.99,5012,99.95,100.03,0.0795
99.99,8011,99.97,100.01,0.0454
99.99,7726,99.97,100.01,0.0463
99.99,6940,99.95,100.03,0.07
99.99,8553,99.98,100.0,0.0281
99.99,8415,99.98,100.0,0.0192
99.99,7488,99.96,100.02,0.0669
99.99,8743,99.95,100.03,0.0722
99.99,5882,99.96,100.02,0.0682
99.99,5491,99.97,100.01,0.0396
99.99,6202,99.97,100.01,0.0441
99.99,5286,99.98,100.0,0.0266
99.99,7399,99.97,100.01,0.0413
99.99,9223,99.91,100.07,0.1505
99.99,5261,99.97,100.01,0.0412
99.99,5648,99.98,100.0,0.0218
99.99,7147,99.98,100.0,0.0179
99.99,9337,99.98,100.0,0.0287
99.99,6582,99.97,100.01,0.0485
99.99,7470,99.98,100.0,0.0165
99.99,5380,99.95,100.03,0.0829
99.99,5885,99.95,100.03,0.0703
99.99,9740,99.96,100.02,0.0639
99.99,9675,99.97,100.01,0.0462
99.99,5286,99.98,100.0,0.0295
99.99,9682,99.93,100.05,0.1129
99.99,8265,99.97,100.01,0.0393
99.99,9359,99.96,100.02,0.0676
99.99,7462,99.95,100.03,0.0761
99.99,7774,99.93,100.05,0.1156
99.99,7675,99.95,100.03,0.0771
99.99,8543,99.97,100.01,0.0405
99.99,6076,99.92,100.06,0.1447
99.99,5576,99.97,100.01,0.0392
99.99,6922,99.97,100.01,0.0339
99.99,8846,99.97,100.01,0.0317
99.99,6462,99.95,100.03,0.0809
99.99,8759,99.98,100.0,0.03
99.99,10225,99.97,100.01,0.0455
99.99,6007,99.97,100.01,0.0463
99.99,8849,99.97,100.01,0.0422
99.99,7762,99.96,100.02,0.0675
99.99,9873,99.94,100.04,0.0975
99.99,6504,99.98,100.0,0.0286
99.99,9077,99.98,100.0,0.0253
99.99,9832,99.97,100.01,0.0383
99.99,10398,99.98,100.0,0.0171
99.99,9129,99.98,100.0,0.0285
99.99,8228,99.96,100.02,0.0573
99.99,8866,99.93,100.05,0.1252
99.99,10167,99.97,100.01,0.0474
99.99,8690,99.98,100.0,0.0275
99.99,5972,99.97,100.01,0.0357
99.99,10595,99.98,100.0,0.0226
99.99,9395,99.97,100.01,0.0332
99.99,9362,99.96,100.02,0.0616
99.99,7016,99.96,100.02,0.063
99.99,9339,99.97,100.01,0.0423
99.99,7994,99.95,100.03,0.0811
99.99,9367,99.95,100.03,0.0816
99.99,6547,99.96,100.02,0.0662
99.99,9470,99.96,100.02,0.0535
99.99,11308,99.97,100.01,0.0436
99.99,6310,99.97,100.01,0.0329
99.99,11272,99.98,100.0,0.0267
99.99,8270,99.98,100.0,0.0168
99.99,10784,99.97,100.01,0.044
99.99,10348,99.97,100.01,0.038
99.99,9224,99.98,100.0,0.023
99.99,10186,99.95,100.03,0.0848
99.99,10984,99.96,100.02,0.0546
99.99,8437,99.94,100.04,0.0991
99.99,8045,99.97,100.01,0.0467
100.0,9945,99.97,100.03,0.0576
100.0,10754,99.99,100.01,0.0191
100.0,10541,99.97,100.03,0.0517
99.99,10777,99.98,100.0,0.0159
100.0,8797,99.97,100.03,0.0618
99.99,10967,99.97,100.01,0.0394
100.0,7090,99.96,100.04,0.0744
100.0,9506,99.95,100.05,0.1052
100.0,6494,99.98,100.02,0.0326
100.0,8327,99.98,100.02,0.0424
99.99,8595,99.96,100.02,0.0666
99.99,8796,99.96,100.02,0.0519
99.99,10544,99.94,100.04,0.1023
99.99,8815,99.97,100.01,0.0489
99.99,9194,99.98,100.0,0.0296
99.99,8003,99.97,100.01,0.0342
99.99,8821,99.98,100.0,0.0282
99.99,8000,99.96,100.02,0.0572
99.99,7126,99.97,100.01,0.0491
99.99,10269,99.97,100.01,0.0314
99.99,10688,99.96,100.02,0.0549
99.99,10437,99.96,100.02,0.0521
99.99,9547,99.93,100.05,0.1243
99.99,9081,99.96,100.02,0.0669
99.99,12008,99.97,100.01,0.0342
99.99,9982,99.96,100.02,0.051
99.99,9777,99.92,100.06,0.1499
99.99,7068,99.97,100.01,0.0445
99.99,9008,99.94,100.04,0.0967
99.99,9277,99.98,100.0,0.0197
100.0,9423,99.98,100.02,0.0399
100.0,10569,99.98,100.02,0.0477
100.0,10319,99.97,100.03,0.0505
100.0,10814,99.96,100.04,0.084
100.0,11824,99.96,100.04,0.0709
100.0,12164,99.99,100.01,0.014
100.0,11614,99.96,100.04,0.0742
100.0,13141,99.96,100.04,0.0765
100.0,7296,99.98,100.02,0.0402
100.0,8441,99.95,100.05,0.0993
100.0,7279,99.96,100.04,0.0854
100.0,11366,99.99,100.01,0.016
100.0,13001,99.98,100.02,0.0398
100.0,8861,99.97,100.03,0.0523
100.0,13276,99.94,100.06,0.1139
100.0,7742,99.98,100.02,0.0482
100.0,13413,99.99,100.01,0.0284
100.0,9682,99.99,100.01,0.0231
100.0,8088,99.97,100.03,0.0586
100.0,10623,99.98,100.02,0.0444
100.0,9159,99.97,100.03,0.0572
100.0,9374,99.98,100.02,0.0414
100.0,9553,99.97,100.03,0.0513
100.0,12862,99.99,100.01,0.0202
100.0,11155,99.97,100.03,0.0682
100.0,9675,99.95,100.05,0.1002
100.0,11703,99.96,100.04,0.083
100.0,12451,99.97,100.03,0.0558
100.0,9511,99.99,100.01,0.0135
100.0,10492,99.98,100.02,0.0491
100.0,8554,99.97,100.03,0.0564
100.0,8984,99.94,100.06,0.1151
100.0,12416,99.98,100.02,0.0413
100.0,9044,99.94,100.06,0.1292
100.0,11428,99.98,100.02,0.0472
100.0,12728,99.98,100.02,0.0471
100.0,8617,99.95,100.05,0.1023
100.0,11830,99.95,100.05,0.1086
100.0,9711,99.96,100.04,0.0749
100.0,14659,99.99,100.01,0.0165
100.0,11357,99.97,100.03,0.0619
100.0,13652,99.99,100.01,0.0208
100.0,11898,99.98,100.02,0.0483
100.0,8362,99.98,100.02,0.0423
100.0,12559,99.99,100.01,0.0195
100.0,14855,99.98,100.02,0.0371
100.0,12412,99.99,100.01,0.0265
100.0,14004,99.96,100.04,0.0891
100.0,14512,99.97,100.03,0.0585
100.0,9845,99.99,100.01,0.0286
100.0,9760,99.96,100.04,0.0729
100.0,12672,99.97,100.03,0.0531
100.0,11261,99.99,100.01,0.0271
100.0,14413,99.99,100.01,0.0285
100.0,14895,99.98,100.02,0.0359
100.0,10942,99.97,100.03,0.064
100.0,10120,99.97,100.03,0.0568
100.0,14150,99.99,100.01,0.0252
100.0,10460,99.99,100.01,0.0217
99.99,14546,99.97,100.01,0.0368
100.0,11628,99.99,100.01,0.0285
100.0,13477,99.98,100.02,0.0355
100.0,9246,99.98,100.02,0.0401
100.0,13229,99.97,100.03,0.0647
100.0,11975,99.95,100.05,0.1051
100.0,13025,99.98,100.02,0.0429
100.0,9901,99.97,100.03,0.0674
100.0,14239,99.96,100.04,0.0706
100.0,15236,99.98,100.02,0.046
100.0,10358,99.99,100.01,0.0196
100.0,9463,99.97,100.03,0.068
100.0,8937,99.95,100.05,0.0952
100.0,13713,99.97,100.03,0.0569
100.0,13483,99.98,100.02,0.0314
100.0,13054,99.98,100.02,0.0426
100.0,10652,99.98,100.02,0.0483
100.0,11916,99.93,100.07,0.1421
100.0,13535,99.98,100.02,0.0484
100.0,12809,99.98,100.02,0.0408
100.0,16691,99.94,100.06,0.1253
100.0,10049,99.97,100.03,0.0525
100.0,14477,99.99,100.01,0.0196
100.0,12219,99.96,100.04,0.0891
100.0,12441,99.99,100.01,0.0273
100.0,14772,99.97,100.03,0.0533
100.0,14611,99.98,100.02,0.049
100.0,17035,99.93,100.07,0.132
100.0,10174,99.97,100.03,0.0568
100.0,10006,99.98,100.02,0.0374
100.0,15023,99.99,100.01,0.0237
100.0,13885,99.9,100.1,0.202
100.0,11460,99.97,100.03,0.0643
100.0,9911,99.96,100.04,0.0814
100.0,9987,99.99,100.01,0.0275
100.0,16602,99.99,100.01,0.0198
100.0,10906,99.98,100.02,0.0368
100.0,12011,99.99,100.01,0.0173
100.0,11247,99.97,100.03,0.0627
100.0,12332,99.98,100.02,0.0302
100.0,10005,99.99,100.01,0.0252
100.0,13751,99.97,100.03,0.0533
100.0,10040,99.99,100.01,0.0168
100.0,16158,99.98,100.02,0.0448
100.0,11474,99.97,100.03,0.0555
100.0,14061,99.99,100.01,0.0282
100.0,16944,99.97,100.03,0.0669
100.0,15060,99.99,100.01,0.0138
100.0,14104,99.98,100.02,0.0344
100.0,12378,99.97,100.03,0.0697
100.0,12480,99.98,100.02,0.0382
100.0,15362,99.98,100.02,0.0401
100.0,18157,99.99,100.01,0.0287
100.0,15369,99.98,100.02,0.0347
100.0,14517,99.98,100.02,0.048
100.01,16029,99.98,100.04,0.0517
100.0,13790,99.96,100.04,0.0714
100.0,10340,99.96,100.04,0.0797
100.0,14689,99.98,100.02,0.0327
100.01,18136,99.99,100.03,0.0494
100.01,11407,100.0,100.02,0.0274
100.01,15896,99.98,100.04,0.0608
100.01,11680,100.0,100.02,0.0151
100.01,14624,99.99,100.03,0.0455
100.01,10822,99.97,100.05,0.0767
100.01,13940,99.98,100.04,0.0506
100.01,16652,99.98,100.04,0.066
100.01,13097,99.98,100.04,0.0555
100.01,15920,100.0,100.02,0.0192
100.0,17106,99.98,100.02,0.0326
100.01,18308,99.97,100.05,0.0723
100.0,12208,99.95,100.05,0.0906
100.0,13697,99.96,100.04,0.078
100.0,11528,99.98,100.02,0.0497
100.0,19044,99.94,100.06,0.1268
100.0,18498,99.97,100.03,0.0531
100.0,15070,99.98,100.02,0.0438
100.0,17811,99.99,100.01,0.0208
100.0,14960,99.97,100.03,0.0677
100.0,15915,99.98,100.02,0.0426
100.0,11122,99.99,100.01,0.0158
100.0,17169,99.97,100.03,0.0524
100.0,11515,99.97,100.03,0.0524
100.0,17880,99.94,100.06,0.1198
100.0,17514,99.98,100.02,0.0324
100.0,16880,99.96,100.04,0.0745
100.0,10769,99.98,100.02,0.0405
100.0,13232,99.98,100.02,0.044
100.0,12890,99.98,100.02,0.0364
100.0,13806,99.98,100.02,0.0305
100.0,11324,99.96,100.04,0.0793
100.0,19176,99.96,100.04,0.0732
100.0,15672,99.96,100.04,0.0829
100.0,13403,99.97,100.03,0.0544
100.0,14275,99.98,100.02,0.0395
100.0,14767,99.96,100.04,0.0764
100.0,16221,99.97,100.03,0.0527
100.0,15458,99.96,100.04,0.0727
100.0,19255,99.99,100.01,0.0285
100.0,15337,99.96,100.04,0.0763
100.0,20004,99.96,100.04,0.0763
100.0,18717,99.99,100.01,0.0275
100.0,12705,99.99,100.01,0.0209
100.0,19527,99.97,100.03,0.0566
100.0,11879,99.94,100.06,0.1115
100.01,18523,100.0,100.02,0.0287
100.01,14419,99.96,100.06,0.1042
100.01,19158,100.0,100.02,0.0276
100.01,19096,99.96,100.06,0.0912
100.01,18535,99.98,100.04,0.0537
100.01,18414,99.97,100.05,0.0872
100.01,13812,100.0,100.02,0.0238
100.01,11695,99.98,100.04,0.0559
100.01,14796,100.0,100.02,0.0228
100.01,12620,100.0,100.02,0.0223
100.01,17646,99.99,100.03,0.0368
100.0,14318,99.99,100.01,0.0262
100.0,20402,99.95,100.05,0.0987
100.01,17205,100.0,100.02,0.0183
100.01,18984,99.99,100.03,0.0324
100.01,12338,99.98,100.04,0.0624
100.01,19423,100.0,100.02,0.0211
100.01,20041,100.0,100.02,0.0168
100.01,15836,100.0,100.02,0.029
100.01,17018,99.98,100.04,0.0633
100.01,18587,99.97,100.05,0.0893
100.01,12857,99.97,100.05,0.0786
100.01,16077,99.98,100.04,0.0542
100.01,15082,100.0,100.02,0.0111
100.01,12631,99.99,100.03,0.0346
100.01,14818,99.96,100.06,0.0947
100.01,11896,99.99,100.03,0.0331
100.01,11495,99.99,100.03,0.0467
100.01,12587,99.98,100.04,0.0504
100.01,20769,99.98,100.04,0.0546
100.01,16712,99.99,100.03,0.0473
100.01,20849,99.97,100.05,0.0897
100.01,15595,99.96,100.06,0.0912
100.01,14418,100.0,100.02,0.0212
100.01,16365,99.99,100.03,0.0308
100.01,15722,99.98,100.04,0.0635
100.01,12420,99.96,100.06,0.0988
100.01,17765,100.0,100.02,0.022
100.01,13550,99.98,100.04,0.0525
100.0,17594,99.99,100.01,0.0223
100.01,17921,99.99,100.03,0.032
100.01,12956,99.99,100.03,0.0448
100.01,12062,99.97,100.05,0.0714
100.01,19290,99.98,100.04,0.0547
100.01,16089,99.98,100.04,0.0596
100.01,12070,100.0,100.02,0.0159
100.01,21507,99.99,100.03,0.0448
100.01,12092,99.96,100.06,0.0903
100.01,18529,99.92,100.1,0.1877
100.01,21461,99.98,100.04,0.0637
100.01,13962,100.0,100.02,0.017
100.01,12995,99.96,100.06,0.1011
100.01,12797,99.98,100.04,0.0605
100.01,14653,99.98,100.04,0.0582
100.01,12616,99.98,100.04,0.061
100.02,18629,99.98,100.06,0.0744
100.01,12246,99.99,100.03,0.0307
100.01,16805,100.0,100.02,0.015
100.01,21781,100.0,100.02,0.0277
100.01,19938,100.0,100.02,0.03
100.01,17929,99.99,100.03,0.0304
100.01,14791,99.94,100.08,0.1392
100.01,18049,99.99,100.03,0.048
100.01,17073,100.0,100.02,0.0179
100.01,16055,99.96,100.06,0.0958
100.01,13043,99.98,100.04,0.0505
100.01,20801,99.98,100.04,0.0599
100.01,16336,99.98,100.04,0.0667
100.01,13730,99.99,100.03,0.0372
100.01,15519,99.96,100.06,0.0952
100.01,16007,100.0,100.02,0.0157
100.01,20273,99.99,100.03,0.0397
100.01,19320,100.0,100.02,0.022
100.01,19702,100.0,100.02,0.0283
100.01,11897,100.0,100.02,0.0191
100.01,16085,99.98,100.04,0.0598
100.01,16769,99.95,100.07,0.1258
100.01,12005,99.97,100.05,0.0715
100.01,14501,100.0,100.02,0.0212
100.01,19687,99.98,100.04,0.0605
100.01,13249,99.97,100.05,0.0779
100.01,17381,99.98,100.04,0.0605
100.01,14074,99.98,100.04,0.0632
100.01,11976,100.0,100.02,0.0263
100.0,14360,99.98,100.02,0.0425
100.0,21995,99.94,100.06,0.1277
100.0,20196,99.98,100.02,0.0401
100.0,21849,99.98,100.02,0.0448
100.0,16955,99.97,100.03,0.0549
100.0,13030,99.96,100.04,0.0844
100.0,17598,99.99,100.01,0.0174
100.0,16632,99.99,100.01,0.0209
100.0,20702,99.99,100.01,0.0137
100.0,12933,99.98,100.02,0.0385
100.01,17007,99.99,100.03,0.0427
100.0,13486,99.98,100.02,0.0386
100.0,15314,99.97,100.03,0.0639
100.0,19629,99.96,100.04,0.0859
100.0,16907,99.99,100.01,0.02
100.0,15867,99.98,100.02,0.0368
100.0,16067,99.97,100.03,0.0629
100.0,16752,99.99,100.01,0.0296
100.0,20162,99.97,100.03,0.0567
100.0,21289,99.97,100.03,0.0508
100.0,21957,99.96,100.04,0.0747
100.01,20200,99.98,100.04,0.0552
100.01,15269,99.97,100.05,0.077
100.01,19177,100.0,100.02,0.0209
100.01,16557,100.0,100.02,0.0258
100.01,14644,99.99,100.03,0.0343
100.01,20791,100.0,100.02,0.0229
100.0,12383,99.99,100.01,0.0264
100.0,21438,99.98,100.02,0.0499
100.0,16825,99.93,100.07,0.1461
100.0,18671,99.96,100.04,0.0883
100.0,18906,99.97,100.03,0.0524
100.0,21383,99.99,100.01,0.0258
100.0,18673,99.97,100.03,0.0512
100.01,18437,99.99,100.03,0.0397
100.01,12695,99.94,100.08,0.1418
100.0,17438,99.97,100.03,0.0569
100.01,13574,99.96,100.06,0.1084
100.01,19740,99.97,100.05,0.0867
100.01,17376,99.99,100.03,0.0359
100.01,19141,100.0,100.02,0.0289
100.0,12437,99.97,100.03,0.0512
100.0,12890,99.96,100.04,0.0769
100.0,19521,99.99,100.01,0.0264
100.01,12756,99.98,100.04,0.0553
100.0,12747,99.97,100.03,0.0556
100.01,12126,100.0,100.02,0.0278
100.0,22040,99.96,100.04,0.0712
100.0,19739,99.96,100.04,0.0859
100.0,15704,99.94,100.06,0.1265
100.0,15108,99.95,100.05,0.1002
100.0,15664,99.97,100.03,0.0534
100.0,20121,99.97,100.03,0.0668
100.0,18930,99.95,100.05,0.0924
100.0,13932,99.99,100.01,0.0259
100.0,13813,99.98,100.02,0.0422
100.0,13017,99.94,100.06,0.1112
100.0,18906,99.98,100.02,0.043
100.0,19994,99.98,100.02,0.0457
100.0,14756,99.98,100.02,0.0477
100.0,12195,99.98,100.02,0.0365
100.0,12833,99.98,100.02,0.0453
100.0,22107,99.97,100.03,0.0511
100.0,15060,99.98,100.02,0.0358
100.0,20015,99.99,100.01,0.0184
100.0,18497,99.99,100.01,0.0212
100.0,15952,99.97,100.03,0.0645
100.0,14103,99.97,100.03,0.0698
100.0,13217,99.98,100.02,0.0309
100.0,18372,99.97,100.03,0.0528
100.0,20033,99.99,100.01,0.0256
100.0,18660,99.99,100.01,0.0261
100.0,17467,99.96,100.04,0.0764
100.0,12364,99.94,100.06,0.1139
99.99,22024,99.97,100.01,0.032
99.99,20245,99.98,100.0,0.0291
99.99,14963,99.98,100.0,0.0158
99.99,22115,99.97,100.01,0.0318
99.99,18168,99.97,100.01,0.0379
99.99,17957,99.97,100.01,0.0403
99.99,19671,99.96,100.02,0.0538
99.99,20323,99.98,100.0,0.027
99.99,18699,99.96,100.02,0.0675
99.99,13201,99.94,100.04,0.0971
99.99,15376,99.98,100.0,0.0238
99.99,21487,99.96,100.02,0.0596
99.99,14180,99.97,100.01,0.0315
99.99,15701,99.97,100.01,0.0475
99.99,16312,99.93,100.05,0.1256
99.99,16378,99.96,100.02,0.0514
99.99,18163,99.95,100.03,0.077
99.99,21565,99.97,100.01,0.0474
99.99,14294,99.97,100.01,0.0357
99.99,13054,99.95,100.03,0.0709
99.99,13829,99.97,100.01,0.0343
99.99,20928,99.97,100.01,0.0362
99.99,18429,99.97,100.01,0.0462
99.99,14711,99.96,100.02,0.0668
99.99,20153,99.98,100.0,0.0269
99.99,20606,99.96,100.02,0.069
99.99,20438,99.96,100.02,0.0642
99.99,21165,99.98,100.0,0.0287
99.99,14310,99.95,100.03,0.0796
99.99,19452,99.97,100.01,0.0421
99.99,16421,99.98,100.0,0.0128
99.99,20311,99.98,100.0,0.0266
99.99,19133,99.98,100.0,0.0223
99.99,19607,99.95,100.03,0.0718
99.99,18362,99.97,100.01,0.031
99.99,13464,99.95,100.03,0.0701
99.99,17198,99.96,100.02,0.0564
99.99,21658,99.96,100.02,0.0592
99.99,21157,99.94,100.04,0.0914
99.99,12051,99.97,100.01,0.0426
99.99,13275,99.97,100.01,0.0467
99.99,12927,99.98,100.0,0.0234
99.99,18936,99.97,100.01,0.0342
99.99,19847,99.95,100.03,0.089
99.99,13716,99.95,100.03,0.077
99.99,16656,99.94,100.04,0.1059
99.99,20018,99.97,100.01,0.0476
99.99,18910,99.95,100.03,0.0825
99.99,16971,99.96,100.02,0.0509
99.99,17437,99.95,100.03,0.0738
99.99,16595,99.98,100.0,0.0273
99.99,14460,99.96,100.02,0.0665
99.99,17127,99.98,100.0,0.0264
99.99,18348,99.97,100.01,0.046
99.99,20173,99.96,100.02,0.0673
99.99,17782,99.97,100.01,0.0385
99.99,19007,99.98,100.0,0.0171
99.99,12992,99.98,100.0,0.0227
99.99,15979,99.93,100.05,0.111
99.99,11462,99.96,100.02,0.0665
99.99,13806,99.97,100.01,0.0499
99.99,18551,99.95,100.03,0.0803
99.99,21158,99.93,100.05,0.1229
99.99,12295,99.97,100.01,0.0328
99.99,15269,99.96,100.02,0.0646
99.99,19186,99.92,100.06,0.134
99.99,13283,99.96,100.02,0.0585
99.99,16723,99.97,100.01,0.0407
99.99,18452,99.93,100.05,0.1297
99.99,17278,99.96,100.02,0.0541
99.99,13056,99.96,100.02,0.0614
99.99,14679,99.97,100.01,0.0371
99.99,18850,99.98,100.0,0.0165
99.99,16581,99.98,100.0,0.0179
100.0,11202,99.97,100.03,0.0579
100.0,18550,99.99,100.01,0.0122
99.99,11463,99.96,100.02,0.0608
99.99,18349,99.96,100.02,0.0603
99.99,13052,99.98,100.0,0.0204
99.99,20354,99.95,100.03,0.0867
99.99,14615,99.97,100.01,0.0349
99.99,14197,99.97,100.01,0.0421
99.99,12459,99.97,100.01,0.0322
100.0,13950,99.98,100.02,0.042
100.0,19420,99.99,100.01,0.0219
100.0,20539,99.95,100.05,0.1045
100.0,14487,99.94,100.06,0.1228
100.0,15233,99.98,100.02,0.0329
100.0,17823,99.95,100.05,0.1016
100.0,19361,99.95,100.05,0.1054
100.0,16537,99.97,100.03,0.067
100.0,14594,99.98,100.02,0.0467
100.0,14771,99.98,100.02,0.0381
100.0,17430,99.98,100.02,0.0472
100.0,10847,99.97,100.03,0.0677
100.0,16654,99.95,100.05,0.1012
100.0,14134,99.99,100.01,0.0293
100.0,18242,99.98,100.02,0.0319
100.0,11619,99.95,100.05,0.0916
100.0,16247,99.96,100.04,0.0781
100.0,15214,99.94,100.06,0.1111
100.0,16697,99.96,100.04,0.0715
100.0,11276,99.99,100.01,0.0267
100.0,16057,99.98,100.02,0.0477
100.0,15857,99.94,100.06,0.1103
100.0,15821,99.99,100.01,0.0272
100.0,16189,99.95,100.05,0.0925
100.0,16835,99.96,100.04,0.0875
100.0,17992,99.99,100.01,0.0199
100.0,13025,99.96,100.04,0.0828
100.0,18110,99.96,100.04,0.0752
100.0,15075,99.97,100.03,0.057
100.0,11184,99.99,100.01,0.0227
100.0,10994,99.99,100.01,0.0209
100.0,13491,99.93,100.07,0.1318
99.99,17574,99.96,100.02,0.0583
99.99,16837,99.95,100.03,0.0794
99.99,17540,99.97,100.01,0.0473
99.99,15046,99.98,100.0,0.025
100.0,14319,99.98,100.02,0.044
100.0,11648,99.97,100.03,0.0526
100.0,13253,99.98,100.02,0.0304
100.0,14178,99.93,100.07,0.1352
100.0,11050,99.97,100.03,0.0691
100.0,12210,99.98,100.02,0.0492
100.0,15560,99.97,100.03,0.0632
100.0,16753,99.97,100.03,0.0586
100.0,19057,99.97,100.03,0.0641
100.0,18438,99.98,100.02,0.0434
100.0,15824,99.96,100.04,0.0737
100.0,13833,99.96,100.04,0.0761
100.0,15701,99.98,100.02,0.0458
100.0,16984,99.95,100.05,0.103
100.0,11083,99.99,100.01,0.0221
100.0,13616,99.99,100.01,0.0249
100.0,17348,99.98,100.02,0.0446
100.0,13329,99.95,100.05,0.1068
99.99,14938,99.95,100.03,0.0737
100.0,15043,99.94,100.06,0.1119
100.0,11512,99.96,100.04,0.0734
99.99,13024,99.97,100.01,0.0448
99.99,12756,99.96,100.02,0.059
99.99,10071,99.97,100.01,0.0491
99.99,10031,99.97,100.01,0.0307
99.99,16933,99.97,100.01,0.0309
99.99,12114,99.95,100.03,0.078
99.99,14178,99.96,100.02,0.0678
99.99,12277,99.97,100.01,0.0486
99.99,17702,99.98,100.0,0.0259
100.0,11885,99.95,100.05,0.0945
99.99,13298,99.98,100.0,0.0119
99.99,17004,99.97,100.01,0.0412
99.99,16705,99.95,100.03,0.0759
99.99,11158,99.96,100.02,0.0512
99.99,16295,99.98,100.0,0.02
99.99,13378,99.93,100.05,0.1204
99.99,13552,99.95,100.03,0.0801
99.99,10613,99.95,100.03,0.0816
99.99,10148,99.93,100.05,0.1219
99.99,15479,99.98,100.0,0.0161
99.99,13530,99.97,100.01,0.0366
99.99,13006,99.96,100.02,0.0631
99.99,15376,99.96,100.02,0.0573
99.99,15633,99.97,100.01,0.0415
99.99,10636,99.92,100.06,0.1465
99.99,14288,99.95,100.03,0.0731
99.99,10391,99.97,100.01,0.0346
99.99,15359,99.97,100.01,0.0337
99.99,14556,99.94,100.04,0.0926
99.99,16936,99.97,100.01,0.0436
99.99,9750,99.97,100.01,0.0436
99.99,9629,99.97,100.01,0.0465
99.99,11405,99.94,100.04,0.0959
99.99,11212,99.97,100.01,0.0494
99.99,11065,99.95,100.03,0.0811
99.99,16270,99.98,100.0,0.0244
99.99,11026,99.95,100.03,0.0709
99.99,11173,99.96,100.02,0.0691
99.99,14983,99.95,100.03,0.0893
99.99,12510,99.95,100.03,0.0708
99.99,15037,99.98,100.0,0.0143
99.99,9439,99.94,100.04,0.1021
99.99,12702,99.98,100.0,0.0121
99.99,9140,99.96,100.02,0.0697
99.99,9340,99.97,100.01,0.0312
99.99,15834,99.96,100.02,0.0687
99.99,9878,99.97,100.01,0.0486
99.99,12871,99.97,100.01,0.0474
99.99,11906,99.97,100.01,0.0331
99.99,11385,99.97,100.01,0.0414
99.99,15562,99.96,100.02,0.0519
99.99,8847,99.98,100.0,0.027
99.99,13685,99.92,100.06,0.1373
99.99,15909,99.98,100.0,0.0256
99.99,12826,99.96,100.02,0.052
99.99,15618,99.94,100.04,0.0954
99.99,8949,99.98,100.0,0.0293
99.99,11659,99.98,100.0,0.0258
99.99,10444,99.97,100.01,0.0368
99.99,13907,99.97,100.01,0.0479
99.99,15720,99.96,100.02,0.0567
99.99,10326,99.95,100.03,0.0771
99.99,13220,99.96,100.02,0.0648
99.99,9836,99.97,100.01,0.0344
99.99,12492,99.96,100.02,0.0681
99.99,11715,99.94,100.04,0.1037
99.99,15373,99.98,100.0,0.0221
99.99,12693,99.96,100.02,0.0507
99.99,10783,99.97,100.01,0.0493
99.99,9054,99.96,100.02,0.0645
99.99,9293,99.96,100.02,0.0565
99.99,9795,99.98,100.0,0.0191
99.99,9948,99.95,100.03,0.086
99.99,14184,99.98,100.0,0.0293
99.99,12087,99.96,100.02,0.0607
99.99,11782,99.98,100.0,0.0294
99.99,8865,99.96,100.02,0.0583
99.99,14076,99.95,100.03,0.0776
99.99,13069,99.94,100.04,0.1004
99.99,8453,99.97,100.01,0.0346
99.98,12883,99.95,100.01,0.0618
99.98,11702,99.96,100.0,0.0435
99.98,8470,99.97,99.99,0.0234
99.98,11040,99.97,99.99,0.0277
99.99,11186,99.97,100.01,0.0393
99.99,8966,99.98,100.0,0.0296
99.99,14263,99.98,100.0,0.0232
99.99,13566,99.96,100.02,0.0578
99.99,12294,99.96,100.02,0.0568
99.99,10856,99.97,100.01,0.0368
99.99,10480,99.97,100.01,0.0409
99.99,12053,99.98,100.0,0.019
99.99,11307,99.94,100.04,0.0951
99.99,8045,99.97,100.01,0.0471
99.99,11014,99.97,100.01,0.0368
99.99,12927,99.94,100.04,0.0949
99.99,10589,99.95,100.03,0.0823
99.99,7871,99.96,100.02,0.0614
99.99,12667,99.96,100.02,0.0611
99.99,8797,99.98,100.0,0.0162
99.99,9141,99.96,100.02,0.0572
99.99,8500,99.98,100.0,0.0281
99.99,9544,99.97,100.01,0.0419
99.99,12266,99.97,100.01,0.0412
99.99,10697,99.95,100.03,0.0755
99.99,8644,99.96,100.02,0.0552
99.99,12916,99.96,100.02,0.0585
99.99,12884,99.94,100.04,0.091
99.99,12783,99.94,100.04,0.0904
99.99,8742,99.96,100.02,0.0613
99.99,10051,99.98,100.0,0.028
99.99,13371,99.98,100.0,0.0244
99.99,11992,99.95,100.03,0.0826
99.99,7302,99.93,100.05,0.1249
99.99,7513,99.94,100.04,0.0993
99.99,9959,99.98,100.0,0.022
100.0,12675,99.97,100.03,0.0679
100.0,10350,99.96,100.04,0.0801
99.99,10063,99.96,100.02,0.0582
99.99,7630,99.97,100.01,0.0478
99.99,10962,99.98,100.0,0.0114
99.99,11927,99.96,100.02,0.062
99.99,9214,99.98,100.0,0.0229
99.99,11564,99.95,100.03,0.0722
99.99,12658,99.95,100.03,0.0871
99.99,8060,99.98,100.0,0.0279
99.99,9938,99.97,100.01,0.0469
99.99,8499,99.96,100.02,0.0521
99.99,11464,99.95,100.03,0.088
99.99,10153,99.95,100.03,0.0739
99.99,10452,99.97,100.01,0.035
99.99,11372,99.97,100.01,0.0338
99.99,8985,99.97,100.01,0.0384
99.99,11974,99.98,100.0,0.0204
99.99,9716,99.96,100.02,0.0627
99.99,7514,99.96,100.02,0.0557
99.99,10584,99.97,100.01,0.0301
99.99,11105,99.98,100.0,0.0292
99.99,8342,99.94,100.04,0.0967
99.99,11390,99.96,100.02,0.0655
99.99,11627,99.98,100.0,0.0117
99.99,8027,99.97,100.01,0.041
99.99,11979,99.94,100.04,0.1052
100.0,7205,99.97,100.03,0.0595
99.99,7522,99.98,100.0,0.0276
99.99,7396,99.93,100.05,0.1154
99.99,11311,99.98,100.0,0.025
99.99,9944,99.98,100.0,0.0279
100.0,7139,99.97,100.03,0.0517
100.0,8697,99.96,100.04,0.0728
100.0,9623,99.99,100.01,0.0127
100.0,6688,99.98,100.02,0.0457
100.0,11005,99.99,100.01,0.0285
100.0,10539,99.98,100.02,0.0335
100.0,8891,99.99,100.01,0.0214
100.0,11341,99.99,100.01,0.0178
100.0,8358,99.98,100.02,0.0402
100.0,11350,99.95,100.05,0.1091
100.0,9628,99.96,100.04,0.0707
100.0,9417,99.98,100.02,0.0462
100.0,6908,99.98,100.02,0.0316
100.0,10649,99.97,100.03,0.0694
100.0,8229,99.95,100.05,0.0915
100.0,6814,99.97,100.03,0.0619
100.0,6011,99.95,100.05,0.1007
100.0,8825,99.96,100.04,0.072
100.0,8626,99.98,100.02,0.0349
100.0,9583,99.97,100.03,0.0589
100.0,10424,99.97,100.03,0.0655
100.0,6244,99.97,100.03,0.0625
100.0,9541,99.96,100.04,0.09
100.0,6747,99.96,100.04,0.0706
100.0,10112,99.99,100.01,0.0165
100.0,9879,99.99,100.01,0.0285
100.0,8447,99.96,100.04,0.0756
100.0,9264,99.98,100.02,0.0381
100.0,7258,99.96,100.04,0.0816
100.0,8010,99.98,100.02,0.0352
100.0,9715,99.97,100.03,0.053
100.0,7894,99.97,100.03,0.0509
100.0,7368,99.97,100.03,0.0662
100.0,8009,99.97,100.03,0.0576
100.0,9608,99.98,100.02,0.0398
100.0,7179,99.97,100.03,0.052
100.0,6372,99.98,100.02,0.045
100.0,8945,99.98,100.02,0.0431
100.0,9461,99.98,100.02,0.0423
100.0,5954,99.95,100.05,0.1089
100.0,6597,99.95,100.05,0.1098
100.0,6108,99.95,100.05,0.0991
100.0,7062,99.99,100.01,0.0173
100.0,7521,99.98,100.02,0.0438
100.0,8898,99.98,100.02,0.0471
100.0,8409,99.96,100.04,0.0748
100.0,8238,99.98,100.02,0.0315
100.0,6959,99.99,100.01,0.0255
100.0,9204,99.97,100.03,0.0609
100.0,7461,99.99,100.01,0.0144
100.0,9774,99.97,100.03,0.0693
100.0,8156,99.97,100.03,0.0665
100.0,5805,99.99,100.01,0.0161
100.0,8291,99.97,100.03,0.059
100.0,6668,99.98,100.02,0.0322
100.0,8280,99.98,100.02,0.0395
100.0,5470,99.99,100.01,0.0221
100.0,5924,99.99,100.01,0.0172
100.0,8955,99.98,100.02,0.0338
100.0,6117,99.99,100.01,0.022
100.0,8811,99.98,100.02,0.0398
100.01,6307,99.97,100.05,0.0723
100.01,7893,99.94,100.08,0.1406
100.01,8093,99.96,100.06,0.0917
100.01,7269,99.97,100.05,0.0893
100.01,6337,100.0,100.02,0.0188
100.01,5912,99.97,100.05,0.0777
100.01,5112,99.99,100.03,0.0305
100.01,6269,100.0,100.02,0.0213
100.01,7756,99.98,100.04,0.0615
100.01,8958,99.99,100.03,0.0476
100.01,8641,99.98,100.04,0.0614
100.01,8164,99.99,100.03,0.0402
100.01,8233,99.97,100.05,0.083
100.01,7682,99.96,100.06,0.108
100.02,5943,100.01,100.03,0.0296
100.02,8656,99.99,100.05,0.0565
100.02,7633,99.98,100.06,0.072
100.02,7146,100.0,100.04,0.0354
100.02,5244,100.0,100.04,0.0365
100.02,6629,99.98,100.06,0.0887
100.02,6664,99.98,100.06,0.0865
100.02,8318,100.0,100.04,0.0472
100.02,6980,100.01,100.03,0.0167
100.02,6274,100.0,100.04,0.0349
100.02,8704,99.98,100.06,0.0701
100.02,5132,100.0,100.04,0.049
100.02,6389,100.01,100.03,0.0186
100.02,4822,100.0,100.04,0.0466
100.02,7639,99.99,100.05,0.0557
100.02,8338,99.97,100.07,0.1032
100.02,5740,99.99,100.05,0.0587
100.02,8049,100.0,100.04,0.0424
100.02,5756,100.0,100.04,0.0414
100.02,8213,99.99,100.05,0.0528
100.02,7565,100.0,100.04,0.0365
100.02,7746,99.99,100.05,0.0693
100.02,4604,100.0,100.04,0.0466
100.02,8328,99.97,100.07,0.1037
100.02,7374,100.01,100.03,0.0275
100.02,5694,100.01,100.03,0.0217
100.02,7737,100.01,100.03,0.0298
100.02,5573,100.01,100.03,0.0144
100.02,7865,99.98,100.06,0.0883
100.02,4886,99.96,100.08,0.1264
100.02,7168,100.0,100.04,0.046
100.02,6519,99.99,100.05,0.0575
100.02,4787,100.01,100.03,0.0262
100.02,5335,100.01,100.03,0.0283
100.02,4439,100.01,100.03,0.0263
100.02,6178,99.97,100.07,0.0992
100.02,5522,100.01,100.03,0.0236
100.02,6643,99.98,100.06,0.0742
100.02,5481,100.0,100.04,0.0402
100.02,5478,100.0,100.04,0.0388
100.02,7145,99.98,100.06,0.0768
100.02,4501,99.97,100.07,0.098
100.02,7714,100.01,100.03,0.0219
100.02,7507,100.01,100.03,0.0276
100.02,6798,99.98,100.06,0.0794
100.02,6503,99.99,100.05,0.0502
100.02,7607,100.0,100.04,0.0315
100.02,4954,99.98,100.06,0.0877
100.02,4548,100.0,100.04,0.0364
100.02,5135,100.0,100.04,0.0375
100.02,7182,100.0,100.04,0.0354
100.02,4356,99.99,100.05,0.0666
100.02,6372,99.99,100.05,0.0595
100.02,7880,99.98,100.06,0.0786
100.02,7351,99.97,100.07,0.0905
100.02,6110,100.01,100.03,0.0221
100.02,4421,99.99,100.05,0.0506
100.02,7222,99.99,100.05,0.0653
100.02,6360,99.97,100.07,0.0946
100.02,4585,100.0,100.04,0.0365
100.02,4500,100.0,100.04,0.0479
100.02,7457,100.0,100.04,0.0375
100.02,6572,100.0,100.04,0.0461
100.02,7141,99.99,100.05,0.0516
100.02,7310,99.99,100.05,0.0667
100.02,6190,100.01,100.03,0.0162
100.02,5985,99.99,100.05,0.0618
100.02,5663,100.01,100.03,0.0205
100.02,5247,100.01,100.03,0.0286
100.03,5662,99.98,100.08,0.1054
100.03,6870,100.02,100.04,0.0224
100.03,6245,100.0,100.06,0.0533
100.03,7276,99.99,100.07,0.0854
100.03,5663,100.02,100.04,0.0235
100.03,6240,99.99,100.07,0.0817
100.03,6319,100.02,100.04,0.0134
100.03,6171,100.01,100.05,0.0356
100.03,6559,100.0,100.06,0.0673
100.03,4900,100.01,100.05,0.043
100.03,5870,99.99,100.07,0.0715
100.03,4418,100.02,100.04,0.0261
100.02,5406,100.01,100.03,0.024
100.02,5766,99.99,100.05,0.0514
100.02,6342,100.0,100.04,0.0375
100.02,7390,99.97,100.07,0.0986
100.02,6150,99.99,100.05,0.0552
100.02,6649,99.98,100.06,0.0801
100.02,5808,100.0,100.04,0.0482
100.02,6254,100.0,100.04,0.0424
100.02,4269,99.98,100.06,0.0861
100.02,4912,99.98,100.06,0.0877
100.02,5286,100.0,100.04,0.0404
100.02,5672,99.96,100.08,0.1291
100.02,4171,99.97,100.07,0.1007
100.02,4500,100.0,100.04,0.0307
100.02,4978,100.01,100.03,0.0299
100.02,7412,100.0,100.04,0.0433
100.02,5166,99.98,100.06,0.0808
100.02,5692,99.97,100.07,0.1032
100.02,4689,100.01,100.03,0.0253
100.02,6140,100.01,100.03,0.0262
100.02,4983,99.98,100.06,0.0723
100.02,4725,99.98,100.06,0.0845
100.02,5808,99.98,100.06,0.0785
100.02,4019,99.96,100.08,0.1101
100.02,4026,100.01,100.03,0.0272
